scene_name,acquisition_time,orbit_direction,relative_orbit,polarization,beam_mode,processing_level
S1A_IW_GRDH_1SDV_20250626T004353_20250626T004418_059810_076D9D_2778,2025-06-26T00:43:53Z,DESCENDING,63,VV+VH,IW,GRD_HD
S1A_IW_GRDH_1SDV_20250626T004328_20250626T004353_059810_076D9D_ED3E,2025-06-26T00:43:28Z,DESCENDING,63,VV+VH,IW,GRD_HD
S1A_IW_GRDH_1SDV_20250618T124756_20250618T124821_059701_0769D7_664A,2025-06-18T12:47:56Z,ASCENDING,129,VV+VH,IW,GRD_HD
S1A_IW_GRDH_1SDV_20250618T124731_20250618T124756_059701_0769D7_582E,2025-06-18T12:47:31Z,ASCENDING,129,VV+VH,IW,GRD_HD
S1A_IW_GRDH_1SDV_20250614T004353_20250614T004418_059635_07678A_1821,2025-06-14T00:43:53Z,DESCENDING,63,VV+VH,IW,GRD_HD
S1A_IW_GRDH_1SDV_20250614T004328_20250614T004353_059635_07678A_73E1,2025-06-14T00:43:28Z,DESCENDING,63,VV+VH,IW,GRD_HD
S1A_IW_GRDH_1SDV_20250606T124757_20250606T124822_059526_0763DD_BAFB,2025-06-06T12:47:57Z,ASCENDING,129,VV+VH,IW,GRD_HD
S1A_IW_GRDH_1SDV_20250606T124732_20250606T124757_059526_0763DD_6CBB,2025-06-06T12:47:32Z,ASCENDING,129,VV+VH,IW,GRD_HD
S1A_IW_GRDH_1SDV_20250602T004354_20250602T004419_059460_076193_9774,2025-06-02T00:43:54Z,DESCENDING,63,VV+VH,IW,GRD_HD
S1A_IW_GRDH_1SDV_20250602T004329_20250602T004354_059460_076193_FC20,2025-06-02T00:43:29Z,DESCENDING,63,VV+VH,IW,GRD_HD
S1A_IW_GRDH_1SDV_20250525T124757_20250525T124822_059351_075DD0_13CF,2025-05-25T12:47:57Z,ASCENDING,129,VV+VH,IW,GRD_HD
S1A_IW_GRDH_1SDV_20250525T124732_20250525T124757_059351_075DD0_1D82,2025-05-25T12:47:32Z,ASCENDING,129,VV+VH,IW,GRD_HD
S1A_IW_GRDH_1SDV_20250521T004355_20250521T004420_059285_075B7F_6331,2025-05-21T00:43:55Z,DESCENDING,63,VV+VH,IW,GRD_HD
S1A_IW_GRDH_1SDV_20250521T004330_20250521T004355_059285_075B7F_963F,2025-05-21T00:43:30Z,DESCENDING,63,VV+VH,IW,GRD_HD
S1A_IW_GRDH_1SDV_20250513T124758_20250513T124823_059176_0757C3_1C53,2025-05-13T12:47:58Z,ASCENDING,129,VV+VH,IW,GRD_HD
S1A_IW_GRDH_1SDV_20250513T124733_20250513T124758_059176_0757C3_F54A,2025-05-13T12:47:33Z,ASCENDING,129,VV+VH,IW,GRD_HD
S1A_IW_GRDH_1SDV_20250509T004355_20250509T004420_059110_075575_531E,2025-05-09T00:43:55Z,DESCENDING,63,VV+VH,IW,GRD_HD
S1A_IW_GRDH_1SDV_20250509T004330_20250509T004355_059110_075575_0FB0,2025-05-09T00:43:30Z,DESCENDING,63,VV+VH,IW,GRD_HD
S1A_IW_GRDH_1SDV_20250501T124758_20250501T124823_059001_07514B_D1A7,2025-05-01T12:47:58Z,ASCENDING,129,VV+VH,IW,GRD_HD
S1A_IW_GRDH_1SDV_20250501T124733_20250501T124758_059001_07514B_98CA,2025-05-01T12:47:33Z,ASCENDING,129,VV+VH,IW,GRD_HD
S1A_IW_GRDH_1SDV_20250427T004356_20250427T004421_058935_074E9E_6734,2025-04-27T00:43:56Z,DESCENDING,63,VV+VH,IW,GRD_HD
S1A_IW_GRDH_1SDV_20250427T004331_20250427T004356_058935_074E9E_68CD,2025-04-27T00:43:31Z,DESCENDING,63,VV+VH,IW,GRD_HD
S1A_IW_GRDH_1SDV_20250419T124758_20250419T124823_058826_074A2C_9AA3,2025-04-19T12:47:58Z,ASCENDING,129,VV+VH,IW,GRD_HD
S1A_IW_GRDH_1SDV_20250419T124733_20250419T124758_058826_074A2C_1152,2025-04-19T12:47:33Z,ASCENDING,129,VV+VH,IW,GRD_HD
S1A_IW_GRDH_1SDV_20250415T004355_20250415T004420_058760_07477C_6F68,2025-04-15T00:43:55Z,DESCENDING,63,VV+VH,IW,GRD_HD
S1A_IW_GRDH_1SDV_20250415T004330_20250415T004355_058760_07477C_CE7E,2025-04-15T00:43:30Z,DESCENDING,63,VV+VH,IW,GRD_HD
S1A_IW_GRDH_1SDV_20250407T124758_20250407T124823_058651_074305_8C0A,2025-04-07T12:47:58Z,ASCENDING,129,VV+VH,IW,GRD_HD
S1A_IW_GRDH_1SDV_20250407T124733_20250407T124758_058651_074305_623C,2025-04-07T12:47:33Z,ASCENDING,129,VV+VH,IW,GRD_HD
S1A_IW_GRDH_1SDV_20250403T004355_20250403T004420_058585_074049_A806,2025-04-03T00:43:55Z,DESCENDING,63,VV+VH,IW,GRD_HD
S1A_IW_GRDH_1SDV_20250403T004330_20250403T004355_058585_074049_B133,2025-04-03T00:43:30Z,DESCENDING,63,VV+VH,IW,GRD_HD
S1A_IW_GRDH_1SDV_20250326T124757_20250326T124822_058476_073BD9_037F,2025-03-26T12:47:57Z,ASCENDING,129,VV+VH,IW,GRD_HD
S1A_IW_GRDH_1SDV_20250326T124732_20250326T124757_058476_073BD9_ACF9,2025-03-26T12:47:32Z,ASCENDING,129,VV+VH,IW,GRD_HD
S1A_IW_GRDH_1SDV_20250322T004355_20250322T004420_058410_073941_8CDE,2025-03-22T00:43:55Z,DESCENDING,63,VV+VH,IW,GRD_HD
S1A_IW_GRDH_1SDV_20250322T004330_20250322T004355_058410_073941_630D,2025-03-22T00:43:30Z,DESCENDING,63,VV+VH,IW,GRD_HD
S1A_IW_GRDH_1SDV_20250314T124757_20250314T124822_058301_0734FC_05BD,2025-03-14T12:47:57Z,ASCENDING,129,VV+VH,IW,GRD_HD
S1A_IW_GRDH_1SDV_20250314T124732_20250314T124757_058301_0734FC_7FDF,2025-03-14T12:47:32Z,ASCENDING,129,VV+VH,IW,GRD_HD
S1A_IW_GRDH_1SDV_20250310T004355_20250310T004420_058235_073256_D340,2025-03-10T00:43:55Z,DESCENDING,63,VV+VH,IW,GRD_HD
S1A_IW_GRDH_1SDV_20250310T004330_20250310T004355_058235_073256_1694,2025-03-10T00:43:30Z,DESCENDING,63,VV+VH,IW,GRD_HD
S1A_IW_GRDH_1SDV_20250302T124757_20250302T124822_058126_072DE9_FA26,2025-03-02T12:47:57Z,ASCENDING,129,VV+VH,IW,GRD_HD
S1A_IW_GRDH_1SDV_20250302T124732_20250302T124757_058126_072DE9_4413,2025-03-02T12:47:32Z,ASCENDING,129,VV+VH,IW,GRD_HD
S1A_IW_GRDH_1SDV_20250226T004354_20250226T004419_058060_072B34_7F47,2025-02-26T00:43:54Z,DESCENDING,63,VV+VH,IW,GRD_HD
S1A_IW_GRDH_1SDV_20250226T004329_20250226T004354_058060_072B34_2FBE,2025-02-26T00:43:29Z,DESCENDING,63,VV+VH,IW,GRD_HD
S1A_IW_GRDH_1SDV_20250218T124757_20250218T124822_057951_0726C5_D97F,2025-02-18T12:47:57Z,ASCENDING,129,VV+VH,IW,GRD_HD
S1A_IW_GRDH_1SDV_20250218T124732_20250218T124757_057951_0726C5_D027,2025-02-18T12:47:32Z,ASCENDING,129,VV+VH,IW,GRD_HD
S1A_IW_GRDH_1SDV_20250214T004354_20250214T004419_057885_072413_C3B2,2025-02-14T00:43:54Z,DESCENDING,63,VV+VH,IW,GRD_HD
S1A_IW_GRDH_1SDV_20250214T004329_20250214T004354_057885_072413_609E,2025-02-14T00:43:29Z,DESCENDING,63,VV+VH,IW,GRD_HD
S1A_IW_GRDH_1SDV_20250206T124758_20250206T124823_057776_071FBB_F538,2025-02-06T12:47:58Z,ASCENDING,129,VV+VH,IW,GRD_HD
S1A_IW_GRDH_1SDV_20250206T124733_20250206T124758_057776_071FBB_3D74,2025-02-06T12:47:33Z,ASCENDING,129,VV+VH,IW,GRD_HD
S1A_IW_GRDH_1SDV_20250202T004355_20250202T004420_057710_071D12_5EAC,2025-02-02T00:43:55Z,DESCENDING,63,VV+VH,IW,GRD_HD
S1A_IW_GRDH_1SDV_20250202T004330_20250202T004355_057710_071D12_E30D,2025-02-02T00:43:30Z,DESCENDING,63,VV+VH,IW,GRD_HD
S1A_IW_GRDH_1SDV_20250125T124758_20250125T124823_057601_0718CD_3FC6,2025-01-25T12:47:58Z,ASCENDING,129,VV+VH,IW,GRD_HD
S1A_IW_GRDH_1SDV_20250125T124733_20250125T124758_057601_0718CD_A99A,2025-01-25T12:47:33Z,ASCENDING,129,VV+VH,IW,GRD_HD
S1A_IW_GRDH_1SDV_20250121T004356_20250121T004421_057535_071620_ED92,2025-01-21T00:43:56Z,DESCENDING,63,VV+VH,IW,GRD_HD
S1A_IW_GRDH_1SDV_20250121T004331_20250121T004356_057535_071620_056C,2025-01-21T00:43:31Z,DESCENDING,63,VV+VH,IW,GRD_HD
S1A_IW_GRDH_1SDV_20250113T124759_20250113T124824_057426_0711D9_6FAA,2025-01-13T12:47:59Z,ASCENDING,129,VV+VH,IW,GRD_HD
S1A_IW_GRDH_1SDV_20250113T124734_20250113T124759_057426_0711D9_83BB,2025-01-13T12:47:34Z,ASCENDING,129,VV+VH,IW,GRD_HD
S1A_IW_GRDH_1SDV_20250109T004357_20250109T004422_057360_070F31_C2D5,2025-01-09T00:43:57Z,DESCENDING,63,VV+VH,IW,GRD_HD
S1A_IW_GRDH_1SDV_20250109T004332_20250109T004357_057360_070F31_F2A3,2025-01-09T00:43:32Z,DESCENDING,63,VV+VH,IW,GRD_HD
S1A_IW_GRDH_1SDV_20250101T124800_20250101T124825_057251_070AED_C728,2025-01-01T12:48:00Z,ASCENDING,129,VV+VH,IW,GRD_HD
S1A_IW_GRDH_1SDV_20250101T124735_20250101T124800_057251_070AED_6A6D,2025-01-01T12:47:35Z,ASCENDING,129,VV+VH,IW,GRD_HD
